Organization,Followed On
ACENSI,Tue Sep 14 08:54:09 UTC 2021
Catalina France,Tue Sep 14 08:36:05 UTC 2021
Crédit Agricole Technologies et Services,Sat Sep 11 17:15:06 UTC 2021
IDEMIA,Sat Sep 11 17:13:54 UTC 2021
Poke House,Fri Sep 10 19:21:10 UTC 2021
Axesor Group,Fri Sep 10 18:06:51 UTC 2021
Artefact,Fri Sep 10 17:54:40 UTC 2021
Capgemini Engineering,Fri Sep 10 17:48:43 UTC 2021
Manty,Fri Sep 10 17:48:17 UTC 2021
Run-IT,Wed Sep 08 13:05:02 UTC 2021
PrestaShop,Wed Sep 08 10:56:47 UTC 2021
Protiviti France,Wed Sep 08 10:20:50 UTC 2021
Tundra Technical Solutions,Sun Sep 05 13:36:17 UTC 2021
CS GROUP,Sat Sep 04 23:50:37 UTC 2021
Cognizant,Sat Sep 04 18:49:54 UTC 2021
ALTEN,Thu Sep 02 13:58:45 UTC 2021
Emerton,Thu Sep 02 13:57:30 UTC 2021
Polynom,Thu Sep 02 12:50:12 UTC 2021
IGA Tunisie,Thu Aug 19 10:13:39 UTC 2021
Smart Technology ,Wed Aug 18 17:20:29 UTC 2021
AH&CO,Wed Aug 18 17:17:09 UTC 2021
Renault,Fri Jul 16 10:58:56 UTC 2021
Actinvision,Tue Jul 13 22:07:24 UTC 2021
European Innovation Academy,Mon Jul 05 09:39:23 UTC 2021
Lavipharm,Fri Jul 02 04:27:01 UTC 2021
Summer training & Jobs,Sat Mar 13 12:01:50 UTC 2021
Change Makers ISI,Wed Feb 17 08:54:21 UTC 2021
CodifiedYOUTH,Wed Feb 03 23:50:13 UTC 2021
Dell Technologies,Mon Feb 01 23:32:27 UTC 2021
Data Analytics,Sun Jan 31 10:04:47 UTC 2021
We Find Jobs UAE,Mon Jan 25 22:35:35 UTC 2021
Gulf Recruitment,Mon Jan 25 22:35:33 UTC 2021
Careers UAE,Mon Jan 25 22:35:32 UTC 2021
Qatar Jobs - Verified,Mon Jan 25 22:35:32 UTC 2021
Jobs In UAE,Mon Jan 25 22:35:31 UTC 2021
Jobs in Dubai (Job Success),Mon Jan 25 22:35:30 UTC 2021
Data Analyst,Mon Jan 25 22:34:09 UTC 2021
Jobs in Dubai - DubaiVacancy.ae,Mon Jan 25 22:18:45 UTC 2021
Jobs in Dubai,Mon Jan 25 22:18:43 UTC 2021
Offres d´Emploi au Maroc,Mon Jan 25 22:18:39 UTC 2021
Spectrum Groupe,Tue Jan 12 17:28:34 UTC 2021
RBC,Thu Dec 31 09:51:20 UTC 2020
SPG Software Productivity Group ,Sat Dec 12 00:11:31 UTC 2020
ITC Limited,Sun Sep 27 14:41:20 UTC 2020
Coursera,Sun Sep 27 14:41:19 UTC 2020
Airbnb,Sun Sep 20 12:43:50 UTC 2020
Nike,Thu Sep 17 16:19:49 UTC 2020
Spotify,Thu Sep 17 16:19:48 UTC 2020
Equalios,Thu Sep 17 16:19:46 UTC 2020
Groupe Magasin General,Thu Sep 17 15:37:50 UTC 2020
L&T Technology Services Limited,Thu Sep 17 15:32:44 UTC 2020
Dell,Thu Sep 17 15:32:42 UTC 2020
NeoXam Tunisie,Thu Sep 17 15:32:39 UTC 2020
World Health Organization,Wed Sep 16 11:38:54 UTC 2020
Eni Energies et Services,Wed Sep 16 11:38:53 UTC 2020
WIFAK INTERNATIONAL BANK,Wed Sep 16 11:38:53 UTC 2020
CET Ingénierie,Wed Sep 16 11:38:52 UTC 2020
Larsen & Toubro,Wed Sep 16 11:38:51 UTC 2020
UNICEF,Wed Sep 16 11:38:50 UTC 2020
USAID,Wed Sep 16 11:38:50 UTC 2020
COLAS RAIL Belgium,Wed Sep 16 11:38:49 UTC 2020
The Coca-Cola Company,Wed Sep 16 11:38:48 UTC 2020
HCL Technologies,Wed Sep 16 11:38:46 UTC 2020
Ford Motor Company,Wed Sep 16 11:38:46 UTC 2020
PT Frisian Flag Indonesia,Wed Sep 16 11:38:45 UTC 2020
OneSchool Global,Wed Sep 16 11:38:37 UTC 2020
Apple,Wed Sep 16 11:38:27 UTC 2020
Sopra HR Software,Wed Sep 16 09:51:06 UTC 2020
Stack Overflow,Wed Sep 16 09:51:06 UTC 2020
Business & Decision Tunisie,Wed Sep 16 09:51:03 UTC 2020
Reliance Industries Limited,Mon Sep 14 11:03:41 UTC 2020
Samsung Electronics,Mon Sep 14 11:03:40 UTC 2020
PT DJARUM,Mon Sep 14 11:03:39 UTC 2020
The Walt Disney Company,Mon Sep 14 11:03:39 UTC 2020
PT Pertamina (Persero),Mon Sep 14 11:03:37 UTC 2020
TikTok,Mon Sep 14 11:03:36 UTC 2020
J.P. Morgan,Mon Sep 14 11:03:36 UTC 2020
Tata Motors,Mon Sep 14 11:03:36 UTC 2020
Allergan,Mon Sep 14 11:03:34 UTC 2020
MSD,Mon Sep 14 11:03:33 UTC 2020
SUN PHARMA,Mon Sep 14 11:03:32 UTC 2020
The Janssen Pharmaceutical Companies of Johnson & Johnson,Mon Sep 14 11:03:32 UTC 2020
AstraZeneca,Mon Sep 14 11:03:31 UTC 2020
Sandoz,Mon Sep 14 11:03:30 UTC 2020
Eli Lilly and Company,Mon Sep 14 11:03:29 UTC 2020
Merck,Mon Sep 14 11:03:29 UTC 2020
GIZ Tunisie,Mon Sep 14 11:03:18 UTC 2020
Focsie - Focsie Centre,Mon Sep 14 11:03:17 UTC 2020
CONFORTA TUNISIE,Mon Sep 14 11:03:16 UTC 2020
AMA GROUP,Mon Sep 14 11:03:16 UTC 2020
Sotradies,Mon Sep 14 11:03:15 UTC 2020
Hyundai Motor India Ltd.,Mon Sep 14 11:03:14 UTC 2020
وزارة التربية الوطنية والتكوين المهني والتعليم العالي والبحث العلمي,Mon Sep 14 11:03:13 UTC 2020
Mercedes-Benz India Pvt. Ltd.,Mon Sep 14 11:03:13 UTC 2020
Bayer | Pharmaceuticals,Mon Sep 14 11:01:03 UTC 2020
Advans Tunisie,Mon Sep 14 11:01:02 UTC 2020
BIAT,Mon Sep 14 11:01:02 UTC 2020
UBCI - GROUPE BNP PARIBAS,Mon Sep 14 11:01:01 UTC 2020
Al Baraka Bank Tunisie ,Mon Sep 14 10:59:56 UTC 2020
Bayer | Crop Science,Mon Sep 14 10:59:54 UTC 2020
Société Tunisienne de l'Electricité et du Gaz (STEG),Mon Sep 14 10:59:54 UTC 2020
YouTube,Mon Sep 14 10:59:54 UTC 2020
Empowered By VERMEG,Thu Sep 10 23:06:23 UTC 2020
Dataon,Thu Sep 10 23:06:22 UTC 2020
Infosys,Thu Sep 10 23:06:22 UTC 2020
AYMAX,Thu Sep 10 23:06:21 UTC 2020
Tata Consultancy Services,Thu Sep 10 23:06:20 UTC 2020
Attijari bank Tunisie,Thu Sep 10 23:06:20 UTC 2020
Expensya,Thu Sep 10 23:06:19 UTC 2020
Adobe,Thu Sep 10 23:06:18 UTC 2020
"MARS-TECHNOMINDS, INC",Thu Sep 10 23:06:04 UTC 2020
The Strategy Story,Thu Sep 10 23:06:03 UTC 2020
Full Stack Java Online Training,Thu Sep 10 23:06:03 UTC 2020
Semrush,Thu Sep 10 23:06:02 UTC 2020
International Software Training and Jobs,Thu Sep 10 23:06:00 UTC 2020
Coding Point,Thu Sep 10 23:05:59 UTC 2020
Inspiria Technical Hub,Thu Sep 10 23:05:58 UTC 2020
JBEGlobal.com Job Portal - Jupiter Premium Placement,Thu Sep 10 23:05:58 UTC 2020
Première Urgence Internationale,Thu Sep 10 23:05:49 UTC 2020
GRJ Immigration,Thu Sep 10 23:05:49 UTC 2020
NASA - National Aeronautics and Space Administration,Thu Sep 10 23:05:47 UTC 2020
Société El Mazraa,Thu Sep 10 23:05:47 UTC 2020
UNICEF Tunisie,Thu Sep 10 23:05:45 UTC 2020
Bank ABC Tunisie,Thu Sep 10 23:05:45 UTC 2020
Agence Nationale pour la Maîtrise de l'Energie ANME,Thu Sep 10 23:05:44 UTC 2020
Tunisie Valeurs,Thu Sep 10 23:05:44 UTC 2020
JoB FeeD's,Thu Sep 10 23:05:42 UTC 2020
The Job Hunt,Thu Sep 10 23:05:42 UTC 2020
Career For Freshers,Thu Sep 10 23:05:41 UTC 2020
HRDC Professional,Thu Sep 10 23:05:41 UTC 2020
Freshersapp,Thu Sep 10 23:05:39 UTC 2020
Job & Career Opportunities,Thu Sep 10 23:05:38 UTC 2020
InConnectors - (A subsidiary of Insellers Consultancy Services),Thu Sep 10 23:05:38 UTC 2020
Free Job Posting,Thu Sep 10 23:05:37 UTC 2020
Rahma MEP Consultants & Academy,Thu Sep 10 23:05:36 UTC 2020
Careermatters NG,Thu Sep 10 23:05:35 UTC 2020
RMGJobs.com ,Thu Sep 10 23:05:34 UTC 2020
Job Hunt Qatar,Thu Sep 10 23:05:33 UTC 2020
Jobs in Dubai - DubaiLiveJobs.com,Thu Sep 10 23:05:31 UTC 2020
Industry Research Biz,Thu Sep 10 23:05:31 UTC 2020
Dhakatimes.com,Thu Sep 10 23:05:30 UTC 2020
Learn Quran Online From Home ,Thu Sep 10 23:05:30 UTC 2020
CS IT Industrial Training and Jobs,Thu Sep 10 23:02:26 UTC 2020
Insta Code Technologies,Thu Sep 10 23:02:24 UTC 2020
Full Stack Java Developer Pune,Thu Sep 10 23:02:24 UTC 2020
Find My New Job,Thu Sep 10 23:02:10 UTC 2020
Computer Science Academy,Thu Sep 10 23:02:10 UTC 2020
BNA - Banque Nationale Agricole,Thu Sep 10 23:02:09 UTC 2020
STAR ASSURANCES,Thu Sep 10 23:02:09 UTC 2020
BTS BANK,Thu Sep 10 23:02:06 UTC 2020
The Best Of Hastings Ltd,Thu Sep 10 23:02:06 UTC 2020
Placement Platform,Thu Sep 10 23:02:05 UTC 2020
MÉTAMORPHOSE4D,Thu Sep 10 23:02:05 UTC 2020
InterviewBit,Thu Sep 10 23:02:03 UTC 2020
React.js Developers,Thu Sep 10 23:02:03 UTC 2020
Andrade Gutierrez S.A.,Thu Sep 10 23:02:02 UTC 2020
Advancia Training ,Thu Sep 10 23:02:01 UTC 2020
Simplilearn,Thu Sep 10 23:02:00 UTC 2020
ArcelorMittal Brasil,Thu Sep 10 23:02:00 UTC 2020
USIMINAS,Thu Sep 10 23:01:59 UTC 2020
GirlScript Foundation,Thu Sep 10 23:01:58 UTC 2020
VETS2INDUSTRY,Thu Sep 10 23:01:44 UTC 2020
KB by Kirsty Bonner,Thu Sep 10 23:01:43 UTC 2020
Wells Fargo,Thu Sep 10 23:01:43 UTC 2020
SHRM,Thu Sep 10 23:01:42 UTC 2020
ProjectHelpYouGrow,Thu Sep 10 23:01:41 UTC 2020
Software Career,Thu Sep 10 23:01:40 UTC 2020
Mission Employable™,Thu Sep 10 23:01:39 UTC 2020
Indeed.com,Thu Sep 10 23:01:38 UTC 2020
Job Alert,Thu Sep 10 23:01:30 UTC 2020
xxThe JOB SpYxx,Thu Sep 10 23:01:29 UTC 2020
Ace Your Career,Thu Sep 10 23:01:29 UTC 2020
DeservingJob,Thu Sep 10 23:01:28 UTC 2020
Jobseeker HUB,Thu Sep 10 23:01:27 UTC 2020
Hshelpinghand - The Hemant Sharma initiative,Thu Sep 10 23:01:27 UTC 2020
Suesys Recruitment's,Thu Sep 10 23:01:26 UTC 2020
All Active Jobs,Thu Sep 10 23:01:25 UTC 2020
Banque Zitouna,Thu Sep 10 23:01:24 UTC 2020
Amen Bank,Thu Sep 10 23:01:23 UTC 2020
Québec en tête,Thu Sep 10 23:01:23 UTC 2020
Forbes,Thu Sep 10 23:01:22 UTC 2020
Tunisie Leasing & Factoring,Thu Sep 10 23:01:21 UTC 2020
International Committee of the Red Cross - ICRC,Thu Sep 10 23:01:20 UTC 2020
Assurances Maghrebia,Thu Sep 10 23:01:19 UTC 2020
"UNHCR, the UN Refugee Agency",Thu Sep 10 23:01:19 UTC 2020
Change The Future,Thu Sep 10 23:01:07 UTC 2020
International Job Alerts,Thu Sep 10 23:01:03 UTC 2020
Coursenator ,Thu Sep 10 23:01:02 UTC 2020
be-softilys Tunisie,Thu Sep 10 23:00:38 UTC 2020
NUMERYX,Thu Sep 10 23:00:38 UTC 2020
Bosch Engineering and Business Solutions,Thu Sep 10 23:00:37 UTC 2020
Ford Tunisie,Thu Sep 10 23:00:36 UTC 2020
Medilink,Thu Sep 10 23:00:35 UTC 2020
The Red Sea Development Company,Thu Sep 10 23:00:34 UTC 2020
Professional Recruiter,Thu Sep 10 23:00:33 UTC 2020
JOB VACANCIES TODAY,Thu Sep 10 23:00:33 UTC 2020
Délice Holding,Thu Sep 10 23:00:18 UTC 2020
keejob.com,Thu Sep 10 23:00:18 UTC 2020
STB Bank الشركة التونسية للبنك ,Thu Sep 10 23:00:17 UTC 2020
UIB - Groupe Société Générale,Thu Sep 10 23:00:17 UTC 2020
BH Bank,Thu Sep 10 23:00:15 UTC 2020
United Nations Volunteers,Thu Sep 10 23:00:15 UTC 2020
STEG Tunisie,Thu Sep 10 23:00:14 UTC 2020
Tunisie LLD,Thu Sep 10 23:00:13 UTC 2020
Boehringer Ingelheim,Thu Sep 10 23:00:12 UTC 2020
Abbott,Thu Sep 10 23:00:11 UTC 2020
GSK,Thu Sep 10 23:00:11 UTC 2020
Johnson & Johnson,Thu Sep 10 23:00:10 UTC 2020
Pfizer,Thu Sep 10 23:00:09 UTC 2020
Roche,Thu Sep 10 23:00:08 UTC 2020
Bayer,Thu Sep 10 23:00:07 UTC 2020
Sanofi,Thu Sep 10 23:00:06 UTC 2020
Ecobank Sénégal,Thu Sep 10 23:00:05 UTC 2020
UBA Sénégal,Thu Sep 10 23:00:04 UTC 2020
BNDE | Banque Nationale pour le Développement Economique,Thu Sep 10 23:00:03 UTC 2020
AXA Sénégal,Thu Sep 10 23:00:03 UTC 2020
Groupe Kirène,Thu Sep 10 23:00:02 UTC 2020
BICIS Groupe BNP Paribas,Thu Sep 10 23:00:00 UTC 2020
CFAO Automotive Sénégal,Thu Sep 10 22:59:59 UTC 2020
SOBOA ,Thu Sep 10 22:59:57 UTC 2020
Novartis,Thu Sep 10 22:52:35 UTC 2020
IQVIA Middle East and Africa,Thu Sep 10 22:52:19 UTC 2020
Emplois-Formations-Conseils au Sénégal.,Thu Sep 10 22:44:43 UTC 2020
SENELECOFFICIELLE,Thu Sep 10 22:44:43 UTC 2020
Société Générale Sénégal ,Thu Sep 10 22:44:42 UTC 2020
Jobs et offres d'emploi,Thu Sep 10 22:44:42 UTC 2020
GROUPE SONATEL,Thu Sep 10 22:44:39 UTC 2020
EmploiDakar.com,Thu Sep 10 22:44:38 UTC 2020
Chaque Jour Un CV,Thu Sep 10 22:44:38 UTC 2020
Umo Interim,Thu Sep 10 22:44:37 UTC 2020
HackerEarth,Thu Sep 10 22:44:35 UTC 2020
LATAM Airlines,Thu Sep 10 22:44:35 UTC 2020
Alura,Thu Sep 10 22:44:34 UTC 2020
GeeksforGeeks,Thu Sep 10 22:44:33 UTC 2020
Jaringan Loker,Thu Sep 10 22:44:32 UTC 2020
Vansh Consulting,Thu Sep 10 22:44:31 UTC 2020
Kariyer Hayalim,Thu Sep 10 22:44:30 UTC 2020
İK,Thu Sep 10 22:44:30 UTC 2020
One To One Recrutement,Thu Sep 10 22:44:28 UTC 2020
Air Algérie,Thu Sep 10 22:44:28 UTC 2020
Renault Algérie,Thu Sep 10 22:44:27 UTC 2020
Emploitic.com,Thu Sep 10 22:44:26 UTC 2020
Clic Job,Thu Sep 10 22:44:24 UTC 2020
PENTABELL Gas & Oil,Thu Sep 10 22:44:23 UTC 2020
EmploiPartner.com,Thu Sep 10 22:44:23 UTC 2020
PENTABELL Energy,Thu Sep 10 22:44:22 UTC 2020
Alerte Job,Thu Sep 10 22:43:37 UTC 2020
PENTABELL,Thu Sep 10 22:43:35 UTC 2020
GPF RECRUTEMENT,Thu Sep 10 22:43:34 UTC 2020
Toutaumaroc.com Emploi & Stage,Thu Sep 10 22:43:32 UTC 2020
Numeryx Tunisie,Thu Sep 10 22:43:27 UTC 2020
Coding Club,Thu Sep 10 22:43:27 UTC 2020
Spring Boot with Microservices,Thu Sep 10 22:43:26 UTC 2020
ATS - Digital Dev,Thu Sep 10 22:43:26 UTC 2020
Néo-Soft Groupe,Thu Sep 10 22:43:24 UTC 2020
DECADE,Thu Sep 10 22:43:23 UTC 2020
GRJ Recrutement,Thu Sep 10 22:43:22 UTC 2020
Sofia Technologies,Thu Sep 10 22:43:21 UTC 2020
Capgemini,Thu Sep 10 22:35:22 UTC 2020
upGrad,Thu Sep 10 22:35:21 UTC 2020
Proxym,Thu Sep 10 22:35:20 UTC 2020
NeoXam,Thu Sep 10 22:35:20 UTC 2020
Upwork,Thu Sep 10 22:35:18 UTC 2020
Sofrecom Tunisie,Thu Sep 10 22:35:17 UTC 2020
Linedata,Thu Sep 10 22:35:16 UTC 2020
Go My Code,Thu Sep 10 22:35:16 UTC 2020
Credit Systems India,Thu Sep 10 22:35:14 UTC 2020
HP,Thu Sep 10 22:35:13 UTC 2020
TED Conferences,Thu Sep 10 22:35:12 UTC 2020
Sandra Reiling Coaching,Thu Sep 10 22:35:12 UTC 2020
CEO Magazyn Polska,Thu Sep 10 22:35:10 UTC 2020
Lassie & Edward Zia's Excellence Above Coaching,Thu Sep 10 22:35:09 UTC 2020
Online Harbour,Thu Sep 10 22:35:07 UTC 2020
Not Actively Looking,Thu Sep 10 22:35:07 UTC 2020
Dubai Vacancy | Dubai Jobs | Gulf Careers | Gulf Jobs,Thu Sep 10 22:35:05 UTC 2020
Compass-University.com® Wargames #cyberwarfare Industrial Deep Space Spectrum Warfare Research ,Thu Sep 10 22:35:04 UTC 2020
Dubai Vacancy | Dubai Jobs | Gulf Careers,Thu Sep 10 22:35:03 UTC 2020
Jobs | Careers | Recruitment | Hiring Alerts Worldwide,Thu Sep 10 22:35:02 UTC 2020
Latest Job Updates For Freshers and Experienced,Thu Sep 10 22:34:59 UTC 2020
Master Recruitment ME,Thu Sep 10 22:34:58 UTC 2020
Looking for Job,Thu Sep 10 22:34:56 UTC 2020
Dream HR Services,Thu Sep 10 22:34:56 UTC 2020
Aditya Birla Group,Thu Sep 10 22:34:54 UTC 2020
Google,Thu Sep 10 22:34:53 UTC 2020
Amazon Web Services (AWS),Thu Sep 10 22:34:52 UTC 2020
Udemy,Thu Sep 10 22:34:51 UTC 2020
Wipro,Thu Sep 10 22:34:49 UTC 2020
Nestlé,Thu Sep 10 22:34:49 UTC 2020
Amazon,Thu Sep 10 22:34:47 UTC 2020
IBM,Thu Sep 10 22:34:46 UTC 2020
Gerdau,Thu Sep 10 22:34:44 UTC 2020
ACCIONA,Thu Sep 10 22:34:43 UTC 2020
Emploi - Formations - Conseils ,Thu Sep 10 22:34:42 UTC 2020
FEMSA,Thu Sep 10 22:34:42 UTC 2020
ilboursa.com,Thu Sep 10 22:34:41 UTC 2020
Tunisia Africa Business Council,Thu Sep 10 22:34:40 UTC 2020
Civil Engineer,Thu Sep 10 22:34:39 UTC 2020
Tata Projects,Thu Sep 10 22:34:38 UTC 2020
Internshala,Thu Sep 10 22:34:26 UTC 2020
Unilever,Thu Sep 10 22:34:23 UTC 2020
Dreamjob.ma,Thu Sep 10 22:34:23 UTC 2020
Recruter.tn - Jobs et Offres d'emploi,Thu Sep 10 22:19:30 UTC 2020
Progress RH Tunisie,Thu Sep 10 22:19:29 UTC 2020
ESSTHS - École Supérieure des Sciences et de la Technologie de Hammam Sousse,Thu Sep 10 22:16:50 UTC 2020
Ecole Supérieure Privée d'Ingénierie et de Technologies - ESPRIT,Thu Sep 10 22:13:16 UTC 2020